file,bytes,sha256
calibration/calibration_results.csv,191,7fcc110e3ee117af3ac66a8b792b3b36e9a84349405cded7982f854b1203ff1f
calibration/calibration_results.tex,410,89d4e180934ac9aa3fadfc9b52351590ba56449bc7facbbda9dc71a57cc6ac96
case_studies/case_studies.csv,3825,b323d585ecd32dd0f8fcc152567ef4da7792c40be16b2da338ed711743be22eb
case_studies/case_studies_report.md,4776,7c0a4687f070ae4fb4ca7d3ad88fe9f06598f268af7e176b7fb9fac1c32020ea
checkpoints/clean_data.joblib,133287270,1dd65ca0b653505ef566875b4cd351b7d082baadc59e0545bb0c73da5ed2fca4
checkpoints/lexical_feats.joblib,119963356,77db66988e36aa39eda20904aea0be2dbee2b94800654554d1c1158223294eac
checkpoints/lexical_models.joblib,1178167,37777094f0bd8a7b36a0acb7daaf12402530ec1c27741d3eb6a7b803b8e60a78
checkpoints/ngram_models.joblib,15559506,b1b7fcb80e29be9fc2f9a733d00aa2f310a499afe00bca749df67153c957c4e2
checkpoints/tfidf_Xpp.joblib,256180657,913c129a845e90234b3dcd47679b0e8231ed4188bb0dbc70963f52f8d153bcd9
checkpoints/tfidf_Xte.joblib,274679709,334ebc4dee3d205a416556cc10c72dd085238182dfe9d790414c3299827ff9dc
checkpoints/tfidf_Xtr.joblib,988434160,08cbff52cf7fc9c12d7cd30aaa6a46ea998bffa7a92586cae1f67b6c51fe8670
checkpoints/tfidf_Xva.joblib,109556701,01f327707e00b8c423ff913a233a7e007e3dba880b7a87b3b8d7f3ed6df330cb
checkpoints/tfidf_meta.joblib,631,e53cff2debab3b78f23746589c309c11c1958815ea5538bca64972ca2e0bbaf0
diagnostics/tfidf_memory.json,411,6b9b475109b96aed737df4b051e90e4dfbabb923962e59eea843532cb012747d
ers/dts_scores.csv,332,36cd92ade91862552fbb1b9f23ed07753ded16b577f5dbe69605a0ad4efb414c
ers/dts_scores.tex,584,6a002083b7624c1b0c0dd5598626c18152c151c71749215f3c47cc819427d05d
ers/ers_scores.csv,274,e87bec02460360c2f693db2b121e92f52003516a0cc57e002a27240cea14d693
ers/ers_scores.tex,525,6400fb049e4e8b2c90e09c70233663ab26c31975aac062b051b2f09a663a3279
figures/calibration_reliability.png,35615,7df6014611b9dd0bae407626bc7be92a5d161bce53e80bd3881b6e5c2e3f1e60
figures/dts_by_perturbation.png,50034,6ceb53946b58a4dc8b7d8e596f5e6b57c4ebafc524bb47a7c6ac622ef1392a7e
figures/ers_by_perturbation.png,45231,66a486d0563f4d29b3e7aeafc6a933d047ad4701fd084eb6f23c980eda6ac221
figures/main_eval_curves.png,83740,cae9137dfa0dbf63020ffa3ef8665d60edc9df2882294febdbe598a41f35a688
figures/representation_analysis.png,221739,1a0a4d66ca17ec5dae60983639c1d744bc8abaaac3ce3a3f82cc6cfb3b7b3ed1
figures/robustness_flip_rates.png,61065,b72fe361afc0c3b7e66cece46a52930cd173dce7690059ca6cb8b892936e1c3c
figures/shap_global_ngrams.png,42862,4bce1357f7fe90358ec4b345c012cd47f0cb3afe23195515ad1758aeafb5817f
figures/shap_lexical_importance.png,74576,97a6fa3332c53602ef2849cbab8ccf2c628bd5449a2a988191e41d1dcd2826e9
figures/transfer_curves.png,68115,11682d6fa1f0b78fe55717a018cb202e520009b33d4dc0782e029fbc8b1f30fa
logs/agents/A01.md,3877,2ffb32ce43b9da25444aee12d96f1d2bc7aec28781aafcf4599606ce22ac84df
logs/agents/A02.md,3053,628446932980327f0ed962d3660ace00ab7f1ac48d998acfc02855e0d8fe755f
logs/agents/A03.md,3757,5a3f4883b963e6eb963da2c34ab71069ecb55702ed7158396eb6aeb8c316912a
logs/agents/A04.md,3343,1ecd1c81e88b6a2f703fd185e56a85a2ed4adb6b7406031f46365f64da789535
logs/agents/A04_audit.py,4798,d5f30d4093b6983138d7610c79bdea2d40de15b9e15770ae59d19f3f18542d69
logs/agents/A04_raw.json,1896,d3441757461fec2e8e7677f04a6edf7e1190a567537e859bfe043eec0342dfaa
logs/agents/A05.json,1665,7677b0f0d18556e3444930a3ade3b3cd6324d3839eb615ba07923cfe3fd203c8
logs/agents/A05.md,3151,af4239f045a32f9ac1b5f04ae8a38c2e6962e1de368724e6eaf9c6c0498a399a
logs/agents/A05_overlap_scan.py,3735,23e23a5b8b9ab02e957eda7fd373de584eb8709ef63cb99d7136f823eb3c7e0c
logs/agents/A06.md,9065,2ae2cdee9e5247d1eb7b8067ec0bdceff25601f48b345361bc08b8892744a604
logs/agents/A25.md,1927,a4ea9e01fc2af7967fff056b900af7884d6f8dec67f1e8db9e683b2582b651d7
logs/agents/A26.md,3372,b0f8a1c84e968c7939188cf45fdfa1a2ae07b7662c9f46b8c557e38dab724720
logs/agents/A27.md,2780,f5d8d1ef5de0310fa7475e80ad8a3cfda5619973a34fffee36bca3ba2c97d6cf
logs/agents/A28.md,3165,ac6c8104828061aa5ddc9b9779ba231101164b6313f544ccfdde00cb88fc3b09
logs/agents/A29.md,3647,ae850ddb0a6e781aa08551198bf98ab18f2c9e0e0d642b48bbe791c45e307676
logs/agents/A30.md,3249,8fd7032341da7e97406627041b506bf8564cacfa65a8a3c40925ae105ed72e53
logs/agents/A31.md,2448,7a99488c6c5236ed4eac14786b885aa26a27b765138ea0507d3085199b97adc5
logs/agents/A32.md,4067,659e5a0ea098907ad70c338c691570dc89d106f435e9e597df258909b90fd773
logs/agents/A33.md,4216,5aa6c391b89c3e5884a752392f4a7956a86c9f39ff745f0a81365c14f447a32f
logs/agents/A34.md,4552,9b8ae1328e55e34cde6c736c11975085c8794ee2507e31ed0c62762339cfbc74
logs/agents/A35.md,2405,93c6d584c19bff5cf643e9929ace436518f9ab1830d10529b38af9c86fc741a4
logs/agents/A36.md,4834,e0c73114dccf2b71dc010545a5a40a997905b977fadcf1b5b1a99329819ee184
logs/agents/A37.md,4137,5387445f915170d83b94a6fdcea43d70f2140ddd985960e603cf132c23762ba8
logs/agents/A38.md,3163,2ddcd764f07cfcd55e368f231428078748a834b652904aaa8705e50cfcf3a0d5
logs/agents/A39.md,2364,b64ad83986f3560fcbfd035f4d614187a31e86de83f11d510067bd5d3d49830b
logs/agents/A40.md,2033,08d6436a95b2169d09706f4183a24814f88b6884107cabc0954158d7009c3d38
logs/notebook_execution.log,6067,51e94e55fa0213d224163cb316180d378e405f7aaf1f7839946c3c0301206f48
logs/stage_registry.json,3483,fdda9c4c90a89785464c5b9d4d14e9fb83b45933c294c016514be255491fc591
logs/stages/A07.md,113,eb6638eb403374bd23d9bf00f4b97aa0374539f5ac1cd9ec7b88f47ee805ff5e
logs/stages/A08.md,120,15dc4b050b8e44c29127b1f37785595a7046e214c2d5b37630ba7374a94a372a
logs/stages/A09.md,138,c4fdce54711ab3cebecca25b902f0a9ed3a0ad609df8dda277cf428956d0011d
logs/stages/A10.md,132,fb8367fe5efbfcd3e8e7c5b6257ddec36f84a1fd4261ff2fbb457e2c4c4d1e5a
logs/stages/A11.md,128,c18ad59a28483f848bbb10832364e3348e5e4a1f244a34fbd7fdad3d36d3322a
logs/stages/A12.md,139,49394e788e6920683fdd86f94eaec7d2790d2eb6c55b1d6b8488ccc0c929df63
logs/stages/A13.md,152,b121674f7a67327063c6c4fe6ed2e6a0773ba350d3a9465a2542f366208091f9
logs/stages/A14.md,125,cb36959dec288cf2ae253791daa93eeabfcb79536d96913f33abc96d1b8950fd
logs/stages/A15.md,132,beb4171c8dc6553a7ad2da1ce5ee377dc8b90207a7d3a07d4315c36532e96b7d
logs/stages/A16.md,121,471593fc212aca0d4e144e16e3120c4e69d2ce5594bdda85859c336d898d6ab2
logs/stages/A17.md,111,cc21a25813bda60225af992d129c220ab3b01aa75a05ee4800a6830478b5f393
logs/stages/A18.md,129,025b72803019a6c2c362e83def75fd89243c2fdfe33c9ca807f973096e93cf21
logs/stages/A19.md,144,c7e7c17a0654a509bf4fc6fb8b6880d1545b9b61c9ca0f5d465b7aa99e35643b
logs/stages/A20.md,149,a3ad84941fa41727640bd032fdcbc923a808a76cfe16d20f03c9408adf52b0cd
logs/stages/A21.md,136,b47564bf28a4199fb58f316cffaae9ca2ead248c9b5b7e3ec7a8331084878b2b
logs/stages/A22.md,154,89cac8aa702319bced2f2076e3ab75d0ca470335c83b6c128a52b1d6a6139651
logs/stages/A23.md,125,eba440aad804e23f743f5e8009110995e2ca9baea5a8b9e855caa0b47f2cab80
logs/stages/A24.md,143,d113ad83dd75be0173e4715442713b287ba4c4337ae9566fa2a52a2cec1a2192
manifests/agent_roster.csv,2943,2cbd9c5f3e8ae5a77c0fa636db3861338b2240b777a87571ea448ab386b908fc
manifests/artifact_manifest.csv,13186,65964a6c962ee0dcd1f6b0fa087f7f93bb022815b4e3581f6eefef8f233cc986
manifests/latex_exports.csv,1306,726de58f7e890a7ffbd9401c51fa7e63f2e353f27f84446aff09dad542e715aa
manifests/run_manifest.json,2460,f2325bc1cb83f0621da3bb9d39777f2e0e877017e2efd6dd51377f75ebe37095
models/HistGB_lexical.joblib,1118510,530d1134712c9e35f74a23dc3b5cc6553602f00cce8dcb94b4a97222fa17395b
models/LinearSVM-SGD_alpha0.0001.joblib,519613,dddf0a2e4752af59e106e58d4edb0ff61e1504d6e6963011e68c2f1974d7063f
models/LinearSVM-SGD_alpha0.001.joblib,519613,d2cc729f1f56423b92d10aaebf4966195c81b02731d2b54807c07fd557f18599
models/LinearSVM-SGD_alpha1e-05.joblib,519613,f1f9d611df11a71f561d469a10e84f6855be000072bccec500a3c5841f8085ea
models/LogReg_C0.25.joblib,519355,e9b7cb567ff1d9611ad7cddc4312acbfabd19f7cb39d91956211c26c585f3581
models/LogReg_C1.0.joblib,519355,a4cfa8ec523cf9071595e1662173d5689f5f32dab27ab64d102f44e95438201a
models/LogReg_C4.0.joblib,519355,6290f765be1c716a348ca158d87ba9d4ece4126c846c6ecff419e28bf45a3b5a
models/MLP_lexical.joblib,59689,44bfaa5454f56a4cfd318ab2a0b482a4b2a8e9057a6cb32290ba811ebc1ab282
models/MultinomialNB_alpha0.05.joblib,4148631,8986083c305ffb09e192bc483cbc5d1c8dd7e1f5fdb635776106036529388b88
models/MultinomialNB_alpha0.25.joblib,4148631,5e089a401f92274c43bc268500c7d0289dadd7da0f328171176d17af15180da5
models/MultinomialNB_alpha1.0.joblib,4148631,009b54aa2fad0c1967309b7c56c8e321e0284621a95ec8ac86b7b41e31d3eb52
models/tfidf_vectorizer.joblib,5198888,452defdfbcaf069ac148944b8820a78610af0d5932a7bdde69b1531c88391439
perturbation/robustness_base.csv,155,d6ac252dbaa266a72b46ef02339865a94747e96453d2bb2203fa4d17e2b3c238
perturbation/robustness_base.tex,337,000c2731675cb81120724baff04fe5e601a669f1d4ebb9718a8df02f511606d1
perturbation/robustness_suite.csv,966,f3194169ec9cfb510f7e3bd9ce74b55b95b34713763b25a9b5f96c4e94d1ded9
perturbation/robustness_suite.tex,1273,4d3e804f2a7a5ecc4e5c3c33551948ede3907ee30221712ce8248966575af786
predictions/gb_test_predictions.npz,6419541,7b7f73ff691b2c32ee61bee3d48cb3ca04ce405eac2ca36a6bb1c9ba32b093ed
predictions/pp_test_predictions.npz,676357,317a57e014230a153196b1347b513364fe8cd3e72571d69b0f308e6516587d46
reports/classification_report_best.txt,470,3bbe7544861f528d1d21c759ee642f6b757d26a137faa2dd0237c5e64ac05529
reports/reproducibility.json,5124,16d71b634f2833559f162851859a88c1da4d29ac6f6af9b71ae34e3d871fbad6
reports/reproducibility.md,487,63e6f93bbea0d2d937903915593582f114a6f7faf65dc274d23b4719bff291ca
shap/global_ngram_importance.csv,797,5d7521eef92672ad7126bdcff70e51f2aba037d818b7622e0ea62e3246f55bfb
shap/lexical_permutation_importance.csv,844,7396d511ea7be901704b144b04515c79968b44dd8436e65bef813c8a4f9e3041
shap/xai_methods.csv,230,bdbab3db4102bd26870fd0bc25e5f939b00e742d7767a6c8b047b16f642a6cef
statistical/statistical_tests.csv,2074,9b08f8984ce069d72cbcf71439fd8338bcf9eddc29fb24792152dd6fd33abdcf
statistical/statistical_tests.tex,3103,b51722db5c8255fbdc5b48e228e5cdf5d66d0b378f7b3f62ad00de54abc02a3c
tables/cleaning_ledger.csv,912,8acdfe6d2a61fa21787e22f77ac3478b5e065a19bf3a308e0c22565d804a044a
tables/cleaning_ledger.tex,1160,4eed08601870a5686d6a923548a9633969d84807e0da68a34028bab27bdcb78c
tables/confusion_matrix_best.csv,67,debc7550c843f972931a839e30508a64b8c43accf55095058b7ba3d307b15968
tables/confusion_matrix_best.tex,263,5527323f5412c3ebdd1248fe8a48fe637a4fef1d49edb00ffd357ad4d7d5025c
tables/data_audit.csv,628,e5b19848b66c50f95a292c474f72c33e392e2b5c614f83545126a0ce3c603562
tables/data_audit.tex,869,242299dd5411779b89879977240767be93861a0738a97c9ef9d2e93301027cfa
tables/gates.csv,586,427c7f1e7f07cffef726bd0c3493f4bccc4bedc5ffa9ac8875cbd3be0ce759f0
tables/gates.tex,823,7f40d43243016a993964443dbea655cedad0c478b21be8e3e799603232360057
tables/leakage_analysis.csv,964,a2d049b2b47658fc7f8ed36c959819fa12853696b22fdbc1a39e1b905add6f38
tables/leakage_analysis.tex,1218,349f5a939d4af480185bbbba71ba57b3dc2eb3cf20a45b4d4b9056cabf2d9aff
tables/lexical_summary.csv,1021,525029a076e1f2cafdb8c9dfff26baf9f5ce5b14ba030a5f50448c96f1667a9c
tables/lexical_summary.tex,1819,9a9cb1300e384064a78b28f95c7c58b64b08817ed3351607e53cfd19b25d89fc
tables/main_results.csv,1080,752819c0b4ee48ef26a8b9fe45caa3170ccd39124836455e2ff25caa01c9d065
tables/main_results.tex,1293,64060a8c2ef4efa27cabe0d5e96be2d47df8e904a71a8a98bf950c91e16bb3b2
tables/model_selection.csv,105,35763dd378af6b89ac0d83cd811b393e6abf6fc926b1324988f1f2c1419f840c
tables/model_selection.tex,277,de44fd298fabcf4f17cdb8a4db30525b8c406aee8dd021428e9470ce61592562
tables/negative_results.csv,2540,6bd5ce3d4aa4edad126ff1fcd38e5ed757c1238d3f70a63a58de90e38cf5434b
tables/negative_results.tex,2858,c74b6554881922d7eacde80747a4341452c6ea9bab5c4a72ac37c4eae2afeb84
tables/partitioning.csv,456,c04436e8e9aa7a78d2ad516ac23c4fe37919a04e271a145e56116f46ee45638b
tables/partitioning.tex,662,93b8eb2d3feb42478a5cf4048e40387e679b785e4dbd750b4b4ae135c432d3fc
tables/representation_analysis.csv,247,ed3cad2c2eef947171b444d5c53641bec831545e1c2d64b513b1cf86d99bd08f
tables/representation_analysis.tex,458,943311d684933cda89f68e7170118f383fe6e81920c04939f467aed3f51f3c77
tables/sanity_checks.csv,366,81eb6c280c76b4d8e79e2993cf54337bc4bfeae07d4e7e4adad90e9962af6d47
tables/sanity_checks.tex,575,ed8b5111a01e9d11390f31e3f3d82057c854390b45e548b06ba1e538a7b01c27
tables/top_grams_logodds_legit.csv,368,fbcca79620e41df844cc13c8348bacafdf5c1b3c804d6d3407fe454a8906adfc
tables/top_grams_logodds_legit.tex,755,550344541b9d915adf559458e2c6ef3d2d14f8af62f60bb1cafce9de85dccb31
tables/top_grams_logodds_phish.csv,334,4bd594b34e73e44886120548d6e0a95a2def867555b76917a3a63a6d637a02b8
tables/top_grams_logodds_phish.tex,731,84af961eac8ee1065f88ec4209e261054dbb2f97244f48326999a354c39acd3a
tables/transfer_drift_ks.csv,1198,9ac695025431e66bfa26cb55178b0b5b883b30705ef03874832b9342153c460b
tables/transfer_drift_ks.tex,1206,9498a0d263298ea6ed7c2cd6c6518438e5ac48f5d4efb287fe2dcc1bca1dfa2b
tables/transfer_results.csv,291,3924ac2de65bc55ea0ee272ca6a64e6b4974cee3e31f1ec0c3392afd7a8c81d5
tables/transfer_results.tex,482,e1843eb5b19aa241f7107f238d722b439238163b276de4fc634c74cea5ecdc06
tables/validation_results.csv,1209,3e483a4d9ae30173bd84477ec5c1c1d4119ace6c3fa1fc14d573f4b8e57011ad
tables/validation_results.tex,1475,2f9e601666187c1d8c61e2f545127a76cf35b6ddd16d4e1ceb52fc5421b1fdda
